round,accuracy,loss,participating_clients
1,0.8645323323070574,1.3277000368368064,7
2,0.8195704399760143,1.5009590789681113,7
3,0.802484363445666,1.1998385664878097,7
4,0.8496998351878039,1.3138297156411605,7
5,0.8037058888286728,1.432515997700303,7
