round,accuracy,loss,participating_clients
1,0.7760265341185287,0.7775738504268069,3
2,0.8513783359892665,1.580143012164217,3
3,0.8297799949749186,1.3978812719740292,3
