round,accuracy,loss,participating_clients
1,0.8133342078671184,1.2727112148232884,5
2,0.8482164733416895,1.1729045012425605,5
3,0.8900475504383557,1.2163510579491754,5
